Seq,Score,PPL
GRKWKDELGLFE,1.0,12.07710027812642
GRKWKDELGLFD,1.0,12.547250991556943
GRLLKDELGWFK,1.0,12.819474985580536
ERLKKDELGWFS,1.0,13.885267011445434
GRLKKDELGWFE,1.0,14.155286186290205
KRLKKDELGWFE,1.0,14.62347599288496
LRLKKDELGWFE,1.0,14.731559760185466
ERLKKDELGWFE,1.0,14.904559231366015
ERDWKWDLGLSF,1.0,15.420711753491288
ERKWNDDLGLSV,1.0,15.794345538648717
ERLKKDELGWFD,1.0,15.838833238395514
GRLKKDELGWFK,1.0,15.844437312661938
GRDWKDMLGLSS,1.0,16.448705565442843
ERLKKDELGWFK,1.0,16.674390444376996
GRNDKDELGWSK,1.0,19.62809172750518
GRDWKDMLGLSD,1.0,19.829720591904863
GRLWKDDLGWSV,1.5,12.3937086411635
IRLKKDELGWFS,1.5,13.20087047614822
GRLRNDLLGDMF,1.5,14.17959121177745
GRLKKDELGWFY,1.5,14.269851767295266
GRDWKDNLGLSD,1.5,14.8982703771273
GRLKKDELGWFD,1.5,15.064341193300724
KRLKKDELGWFD,1.5,15.402171323852652
RRLKKDELGWFN,1.5,15.892097900833004
KRLKKDELGWFI,1.5,15.913698495288244
ERLKKDELGWFI,1.5,16.401656402805724
GRDWKLMLGLDE,1.5,16.874116057842034
ERDKNWDLGLSD,1.5,17.2087893363064
ERLRKDELGWFE,1.5,17.44541286178512
KRLKKDELGWFC,1.5,18.091605819327384
ERLWKDELGRFD,1.5,18.18124386436252
RRLKKDELGWFC,1.5,18.43731337785641
ERGLKDELGNAD,1.5,18.579044546741297
SWKRKDELGWDE,1.5,18.91929213632304
ERLGKDELGWFQ,1.5,19.082235520442534
ERGDKLALGDSE,1.5,19.33296906568342
ERLKKDELGWFM,1.5,19.399943653934976
GNDKKDLLGWFF,1.5,19.546152798355667
ERLKKDELGWDS,2.0,13.090350911737264
GRDWKLELGLFD,2.0,13.110637089164484
GRLKKDLQWWSE,2.0,13.442908710470562
MRKLKDELGWFE,2.0,13.52952944658426
IRLKKDELGWFE,2.0,14.152445733676458
TRLKKDELGWFS,2.0,14.1631103779817
GRLKKDELGWGA,2.0,14.211654931418046
GRDWKDNLGFSD,2.0,14.415851424085051
GRDWKDNLGWSD,2.0,14.44871632605138
DRLKNWLWGLSE,2.0,14.507477977719743
GRLKKDELGWID,2.0,14.621199371201092
VRLKKDELGWFE,2.0,14.735707978037812
GRLWKDELGWFE,2.0,14.887349834292252
ARLKKEDWGWVG,2.0,15.11388618877398
HRLDDLNLGWTF,2.0,15.297938375699747
ERLKKMEMGWDD,2.0,15.749854574682386
GRKWKMDLGWAS,2.0,15.82975268851396
ERLDKDLLGWSV,2.0,16.26306443069445
KRLKKFELGWFE,2.0,16.371312374106076
GRLRKDELGWFN,2.0,16.447071042661925
ERLDKIELGWSK,2.0,16.84922463972637
ERLKAWDLTWSF,2.0,16.942425678922135
RRLKAWDLGWED,2.0,17.780338488101034
RRLWSWNLNLEK,2.0,18.24535392238056
ERDDIWDLGLGF,2.0,18.276282185530487
ERLDKNELGWSE,2.0,18.28609465419927
GRLWKDLLGDSD,2.0,18.494500461406744
ERLWKDELGLFS,2.0,18.666952474028054
GRQDKMDLGWFS,2.0,19.23929308723667
SRARKDELGWDE,2.0,19.297320695018925
RRAKKDELGWFF,2.0,19.31632231071741
VRKRADELGWFD,2.0,19.459528850848518
GRMIKDELGWSN,2.0,19.64325796507044
ERKWKDELGLFE,2.0,19.647377472418444
WRLNKDLWGLSE,2.0,19.68011488937272
ERDKKWLLGWSF,2.0,19.69369921176589
GRDKIRELGWFS,2.0,19.77265363356772
TRLKKMEMGWDD,2.0,19.944865180323823
GRDWKDDLGLSE,2.5,10.484738928968785
GRDWNWNLGLSE,2.5,11.879668236216755
DRLLKDWLGNSF,2.5,12.140569864994458
GRLDLHLYLSSE,2.5,12.414912707832997
GRLDLLIYSSSD,2.5,12.462767993961675
ERLKNLELGWSE,2.5,13.76882678821326
RRLKADELGWAD,2.5,13.922505456125402
GRLWKDELGRSP,2.5,14.55966676784156
ERLKKELLGWSF,2.5,14.636255304841672
GRDRDDILGLST,2.5,14.722834993677868
GRDWKDNLGWED,2.5,14.770141782554123
ARLKKDELGWFE,2.5,14.899284070590774
GRLWKDELGLFE,2.5,15.005683116117396
ERDWKEDLGLVF,2.5,15.125477614851052
GRAKKDELGWFE,2.5,15.212507034306627
ERLKWLNWGLSE,2.5,15.23462524337904
DRSRKLELDWSS,2.5,15.382111280083276
ERLKKFELGWFE,2.5,15.52536999859161
GRKDKDELGLSK,2.5,15.672177843319403
GRNKKWELGWFS,2.5,15.901758687322614
ERLKNWEMGRDS,2.5,15.996229181756558
GRLWKDELGRSH,2.5,16.10503160634381
ERGLKDELGNSF,2.5,16.118124835317943
GRLDKLWLGDSL,2.5,16.331099101540804
DRLRDWLSGWSY,2.5,16.397304557225862
ERKKNWDLGWSE,2.5,16.45383354879786
ERLGKDELIWID,2.5,16.546502581271188
GEDKKDDLGRFD,2.5,16.62132465879203
GRLWKWDLGLSD,2.5,16.66484720989805
GRDKKDNLGWFS,2.5,16.901270274838172
RRLKKDEMGWES,2.5,17.027442132259832
PRLTKMDLGWEE,2.5,17.177195693909795
GRMKKDELGWVE,2.5,17.30883029674997
GRLGKDELGWFP,2.5,17.47650890294107
GRDWKLMLGLSS,2.5,17.485967408586912
ERLKAKEDGWFD,2.5,17.646628258493678
GRDWWNELGLSD,2.5,17.89157799097258
ERKRIDDLGWAP,2.5,17.996961525537646
ERLLKAELGWFE,2.5,18.137005334349382
ERLRKDELGWFY,2.5,18.287358070113218
TRKDKLDLGWFE,2.5,18.292008105184003
DRLKAELLGWNE,2.5,18.31996591498912
LRLDKWDIGISF,2.5,18.689073855263253
GRDWNLMLGWSS,2.5,18.725304223209623
GRMKKDELGWFE,2.5,18.797644059602565
ERLREDELGWFC,2.5,19.03079103972565
ERKKKDELGWFE,2.5,19.190665975069845
ERLWKVDLGWSV,2.5,19.205349318387707
GRDRNLNLGWDE,2.5,19.37297702353263
ERLDKWELGLSM,2.5,19.66995314349373
LRKKAGELGWTD,2.5,19.843495507823423
QRDKKWDLGLSS,2.5,19.918237406628947
GYLRKDLLGWES,2.5,19.97486035057645
GRLKKDELIWSE,3.0,11.57017029796478
GRSKKDDLIWSE,3.0,11.674986200578122
GRKWKDELGLSD,3.0,11.690639215554365
ERLKKDELGWES,3.0,11.71751008165242
GRLLKDELGWFD,3.0,11.774602439980002
ERLKKDELGSWS,3.0,11.960491586890026
GRKKIDDLGWAP,3.0,12.008033087850327
GRDWKDELGWSD,3.0,12.484746596516755
GRLWKDELGLSD,3.0,12.840379583398091
DRLKDNALLWSD,3.0,13.006918806665666
ERLKNWAMILSE,3.0,13.351578151038089
GRFWKDSLGLSD,3.0,13.417919172715646
ERLKKDELGWSE,3.0,13.420604903536187
GRIWKDELGIAE,3.0,13.489501666496306
GRLRNDDLGLED,3.0,13.57177578288312
FRLRKDELGDSF,3.0,13.628233090743342
ERLRKDELIWSE,3.0,13.643078514872474
ERLKKDLLGWSE,3.0,13.792317740914925
GRLRKWDLGLED,3.0,13.837771221392268
GRLWKDELGWSL,3.0,13.939510975483078
KRVDLHLMLSSE,3.0,14.017717488025816
TRKKADDLGWAE,3.0,14.112612104105784
ERLKGELLLWSD,3.0,14.141859889740688
KRLRKDELGNAW,3.0,14.150067434633746
DRLDNLNLGLSN,3.0,14.326181492938488
ERLWKDELGLAE,3.0,14.347612425678944
RRLRKDELGDSS,3.0,14.35546046004972
GRLRLDMLNLAD,3.0,14.472926988566275
ESLKWDLKGWSE,3.0,14.476836847373182
ERLWNIDLGLDV,3.0,14.47863255408613
ERLKKDWLGWEE,3.0,14.512560498295082
ERLKKDELGWIE,3.0,14.762654656414568
GRDKKLELGWSE,3.0,14.791803799374929
ERLDKWDIGLSE,3.0,15.440639295986498
TRLKKEELGWFE,3.0,15.747192072517306
GRDWKDRLIGFE,3.0,15.932894682937638
GRLKKDELGWDT,3.0,15.94656980725289
ERKWKDELGLSE,3.0,16.11364044084986
QRLLKDWLGNSE,3.0,16.190170963781462
GRKWKDELGICK,3.0,16.2219254205728
ERLKWDNWGLSE,3.0,16.223411657471193
HRLDKLNLIWSF,3.0,16.23249859540248
GRLDKLWLGDLL,3.0,16.38027288948048
MRLKDNLLLWSE,3.0,16.549040557424462
DRLKGLALLWSD,3.0,16.671559725621222
ERLTADNLGWEW,3.0,16.749801845105566
GRKKKDELGWDK,3.0,16.770270736124523
QRLKKDELGWFE,3.0,17.028509729063508
GRTKKDELGWME,3.0,17.030315344261986
GRLLNKWLGDSF,3.0,17.05721316170039
ERLKKDELGIFE,3.0,17.072125504115597
ERLKNWGLIWSD,3.0,17.24533068058149
ERLKKDMLNWSD,3.0,17.284925444018793
ERLKLWLWGLSE,3.0,17.496670021099305
GRLKDWNLIWTH,3.0,17.51718668085847
QRLKKVELGWWD,3.0,17.669784727863536
ERKWKDELGIAD,3.0,17.69841477382391
DRLDKWWLGNSD,3.0,17.72394232941306
DRLRLDMLGLAC,3.0,17.751203522401973
ERAWKDDLGLSF,3.0,17.76451146763831
QRKKKDELGWFS,3.0,18.223465922710744
ERLKKDEIGWSQ,3.0,18.265454564176963
GRLRKFELGWFE,3.0,18.2752768327055
ERLKKDLSGWFR,3.0,18.30460227433944
FRKWKDDLGISD,3.0,18.32096071305782
GRQKKDELGWSD,3.0,18.748085236564584
ERLRKDELGLFF,3.0,18.82580629005177
TRLDKKFLGWSF,3.0,18.87687939336303
RRVKKNELGWFA,3.0,18.910458374742376
TRLDNLNISWQS,3.0,19.17909572316405
GKAKKDMWFLSE,3.0,19.21819898985116
GRDRKDNLGWIE,3.0,19.244794552620707
NRDWKKDLGWMD,3.0,19.2505250659572
ERLKKWELGRFE,3.0,19.52909258419557
GRLCKDDLIWAD,3.0,19.5793703057344
DRVDLDGYGLIS,3.0,19.61828669240731
GRMKKDELGWGE,3.0,19.73150421004141
ERLWKDELGWFD,3.0,19.75960391958276
GRWWKDELGLFD,3.0,19.80121253467165
FRAKKDELGWFE,3.0,19.86233336466721
GRKWKDELGLSV,3.5,10.4045096277209
GRLKKDELSWEE,3.5,11.204576498363224
GRKWFDDLGLSE,3.5,11.429406874139971
GRDWKKDLGWSE,3.5,11.629145632524851
DRIKLDALLWSH,3.5,11.64142831129573
GRKWVDDLGLHV,3.5,11.732631559451244
GRKWKDELGISK,3.5,11.751286206427618
GRSWKDELGWSD,3.5,11.776231537684422
GRDWKDELIGSE,3.5,12.047394775783753
GRKWTDDLGLID,3.5,12.09740702912216
GRSRKDLLGWEF,3.5,12.420730364081054
DRLKYLDLIWSM,3.5,12.918669086227826
PRLEKKELGWSE,3.5,12.968737727240724
GRLAKDDLGLSD,3.5,13.070259754805464
GRDWKSMLILSS,3.5,13.288760891048751
GRLKTEELGWVD,3.5,13.397427924909811
ERLRALELGWEC,3.5,13.952007162612317
GRLKDEWRLDTE,3.5,14.02476329262861
GRLKKSELGWDD,3.5,14.03449674365635
ERLKKIELGWFE,3.5,14.166392782100882
DRLDLLTWGTLE,3.5,14.170154655083754
GRLKKDNLGWFF,3.5,14.173094333216298
ERLKKLELGWFD,3.5,14.406347153229
ERLKKDILGLDF,3.5,14.440046680862554
DKVDLDRLGLSD,3.5,14.550500228699446
DRLKNWLLGLSE,3.5,14.56477791732563
IRLKKDLLGWFS,3.5,14.632293087832135
ERLRKDELGWDE,3.5,14.883624462384256
ERLDKLALGNSD,3.5,15.105425073901936
GRSKKEELGWFD,3.5,15.29518000222283
DRLRKDFLNLSE,3.5,15.403896247247808
GRLKDLWLGLSE,3.5,15.501353590540532
ERLKKDELGWFY,3.5,15.52319372469798
GRDKKDDLGLDD,3.5,15.632906523400464
RRLKKDELGWGD,3.5,15.748960524672908
GRLKKSELGWID,3.5,15.7904890267408
DRLKDNILLWSE,3.5,15.920510163449675
GRLKKWAWGDSE,3.5,16.04728882532664
GRARKDELGLDE,3.5,16.086797737492454
ERDRKWDLGWSF,3.5,16.158829366427696
GRLKNWNDGWKE,3.5,16.322199779693626
GRLWKDELKWFE,3.5,16.368253995097135
GRLDKWEIGWFE,3.5,16.500546524090474
RRLKKDLLGWFE,3.5,16.80683466197083
ERLKKEEIGWFE,3.5,16.897709469480326
ERLTKDDLGWLV,3.5,17.10475103937545
GRQRDNDLILSM,3.5,17.22435720177919
GRLWKNELGWSL,3.5,17.247887347537247
KRLWKDSLGILS,3.5,17.250831860401547
GRLKKDNLNWFD,3.5,17.290990199660012
ERLKKDELGWIK,3.5,17.301061333727112
QRLDKALYLWSE,3.5,17.331471528504274
ERGKADELTWSF,3.5,17.377958235716164
ERLKKMELGWDR,3.5,17.439249505940364
SRKILNSLGWIK,3.5,17.44017066531213
GRDWKMNLGWED,3.5,17.445091168076104
GRLIKDEFGWSE,3.5,17.460857452054697
GRLKKDMLGWEE,3.5,17.481164361725153
GRLWKNELGWSD,3.5,17.493089736268548
ERIDLLLYGDSM,3.5,17.497534939946444
RRLLLRELGWCF,3.5,17.518782147005293
LRLKKDMLGLAF,3.5,17.613690670594416
ERLDRWDLGLIE,3.5,17.65258099146342
ERLRWVRYLDTE,3.5,17.717649329209184
ERAKKDDLGWSV,3.5,17.764264228491932
DRLKKWLWVLSE,3.5,17.765983679467872
GRDKKDNLGLDF,3.5,17.812850321504037
GLLDLRHYLLSN,3.5,17.824767254966353
ERLTKDELGWRS,3.5,17.887120239474484
DRLKNWAMGLYD,3.5,17.894474536391105
GRLDKWETGWFS,3.5,17.950315362798207
ERKLNWDLGKED,3.5,18.045648218294332
GRDKKKLYGWIF,3.5,18.347200023815063
ERLKKDEVGLFS,3.5,18.37684244229585
GRLKKDELGWDH,3.5,18.47402869983583
GRQRIDALGWEW,3.5,18.513941571647088
ERLDKDRLGFSE,3.5,18.515198014261973
EMDKKWDLGLSF,3.5,18.58405324171433
YRDWKEDLGWIT,3.5,18.763378314421963
ERLKVDMYGWAF,3.5,18.80103841920876
ERLMKDELGLRM,3.5,18.83457220796896
ERLKNYELGWFW,3.5,18.938609619136503
ERAEKWSLGWDE,3.5,19.00197072352829
DRLKDNCLGLSD,3.5,19.024881848115125
DRIDFYLRLLSD,3.5,19.063054225027
TRLDNWNLGWTE,3.5,19.08223860087368
DRLKAIALWWSD,3.5,19.41795090642735
ERKWFDNLGLSV,3.5,19.480329038331828
GRAWKDMLGLSD,3.5,19.48963200841483
GRDWVLLLGLSY,3.5,19.492279252798447
VRDWKDNLGWFS,3.5,19.595068365358152
WRLNKDLYGDSE,3.5,19.638218776336565
ERLKKDNLNYFD,3.5,19.660921228735795
QRKKKDDLGWIP,3.5,19.74302746623393
ERLKKWDLGLFF,3.5,19.746199230741475
FRKKKDDLNWIK,3.5,19.751147125645343
WRLNNDLMGLSE,3.5,19.985248407833076
GRLDKLLYGSSE,4.0,8.895622595155197
GRLDKLLYGSSF,4.0,9.30417770352879
GRLDKLLLGSSE,4.0,9.522403758019724
DRLKKEELGWSE,4.0,11.091755397792827
GRDWKDNLAWFS,4.0,11.115617964328582
ERLKKVNLMWES,4.0,11.835767836270216
GRKWKDELGWRV,4.0,12.53967145539091
ERLKWDLWGLSE,4.0,12.69588991827968
DRLKLLTLSWND,4.0,13.047694195296566
DRLRNLMLGDSE,4.0,13.239543508292211
ERLKRDLYGNAD,4.0,13.432666704732204
GRLKDWLRITSE,4.0,13.460267316451931
DSLRLLVYLLSS,4.0,13.747255625673168
DRLNNWLWNLSE,4.0,13.74740250395946
GRLKKEELGWID,4.0,13.791268456303833
ERIDKLLYGDSE,4.0,13.982307716539864
YRKWKDEIGLSV,4.0,14.278922143787764
TRLKAKDLTWSF,4.0,14.657888125416031
GRDRDLIYGLSF,4.0,14.75714218134551
GTLRNWDLGLQD,4.0,14.954489660331303
GRGDKDALLIAE,4.0,15.062946512556229
KRLKKDELGWFY,4.0,15.12918125471322
DRLKNLLLGLSN,4.0,15.611107743188429
NRDWKGNLKWSW,4.0,15.624092686239296
ERLKDLWLGFSE,4.0,15.641686019853353
TRLKNLNLSWSD,4.0,15.700524696740985
GRLSNLQLGWAE,4.0,15.784866438734776
GKAKKDLWMLSE,4.0,15.792281461270308
ERLWKLELGWED,4.0,15.796257043315642
ERKLNLDLGKED,4.0,15.796951162541454
DRLKKEALGWSE,4.0,15.8044505203007
DRLKKDALGWSE,4.0,15.936462970081111
GRKTRDELGLFA,4.0,15.957485796336131
ERKRIDELGWED,4.0,15.958970119760863
PRAWKWELGLDE,4.0,16.148084925506648
MRLKKVDLVWSE,4.0,16.270811900057268
KRLKKIELGWFE,4.0,16.40042864590926
GRLRLLYLSSVE,4.0,16.42288779768392
ERHWKDELGFSF,4.0,16.460021124639827
DRLWNLANGLSE,4.0,16.488247409833612
QRKWKDELGWWE,4.0,16.560078267961387
ERLLKDGLIWSF,4.0,16.710203488203657
RRLKKDFLGWFA,4.0,16.77840850720801
ERLGKDELNWIE,4.0,16.788998350163833
GRLKKIELGWFD,4.0,16.822922528285464
DRLKDWNMSWTY,4.0,16.959290100663626
ERLKKDLLGWFE,4.0,17.032835650651993
GRLKNWIWLDSY,4.0,17.13190801882514
ERLKKNELGWIE,4.0,17.229118529196995
MRLKKVDLNWSE,4.0,17.23189614289209
ERLKANELGWFA,4.0,17.239557237492033
HRLNDLNLGWSF,4.0,17.296585585885595
ERLKKDLLGWIN,4.0,17.371006512915297
ERLKNDLYSNAD,4.0,17.392920863826657
LRLAADALGWSE,4.0,17.56477419510679
GRLRNMLDGLAD,4.0,17.586704385984895
HRSWNLDLAIMF,4.0,17.617404671520948
TRDDKLNLSWED,4.0,17.621936870951057
LRDKKLQLGWFF,4.0,17.68588550052982
GRLWKDLLGQSS,4.0,17.807989329556694
GRLKNLLLGLSW,4.0,17.86358059248246
GRLDKDAMILAC,4.0,17.903175523453744
GRQWEIELGRFP,4.0,17.93184909515646
DRLMLLAYLSGD,4.0,17.94406222216837
DRLKKDWLGWLD,4.0,17.95832391134263
ERLKKDEIGWIE,4.0,18.004945386958486
ERLKLWMWGDSE,4.0,18.05393460498146
ERTDKWDLGLSF,4.0,18.120428169984248
YRLPKLAYGVSF,4.0,18.25771736407254
GRLHLNLYGISE,4.0,18.2834038451907
GRLLKDYLGWFK,4.0,18.39154563974467
GRLRKDMLGWSW,4.0,18.514057257364662
ERKWKVDLGLSV,4.0,18.56527519742451
WRLKKWALGDSE,4.0,18.573573609816
GRLLLGLYLSCN,4.0,18.633228717203156
HRLDKLALGDLL,4.0,18.66079096527561
GRLIKDELGRSP,4.0,18.70049390269085
ARKDKDELGWSD,4.0,18.72210338567561
ERKWKWDLGWSL,4.0,18.808579804812435
ERDRDDYLILSD,4.0,18.92062547422317
ERLWKDELGWFE,4.0,18.936882025001665
LRDWKLELGIPD,4.0,18.941869864095224
GRVYLRYLVLSS,4.0,18.953453421434524
ERKWKDELGISK,4.0,18.955724564780223
DRVDLDILILSD,4.0,18.99884215781908
ERIDKWLLNWSE,4.0,19.1741364175476
ERLKKNELGWFT,4.0,19.175250412471154
DRLKKWMWGDSE,4.0,19.218383224340347
ERLKADWLTASD,4.0,19.28982862782841
ERLRKWMLGDSE,4.0,19.307546277603176
FRKKKDDLGWIK,4.0,19.371288223776546
ERLWKIELSLSK,4.0,19.411159217009104
GRLRKDALGWSY,4.0,19.48603202715397
DRLKNLISSWAD,4.0,19.57843077878853
DRLRANLLGWNE,4.0,19.58992316803876
EKLAGDLLGWSD,4.0,19.62824615827012
GRHLKHLLILSE,4.0,19.660037844697488
RRDRKWMLGAAE,4.0,19.721798960572364
ERGDLWALGDSC,4.0,19.76344694515431
RRLKAWDIGWDF,4.0,19.776771789885927
ERKWKVDLGWEV,4.0,19.885780862066586
SRLLLDDLLRSS,4.5,6.619159020457053
GRVRLDAQSLSS,4.5,9.21458623706448
GRTLDLDYLLVE,4.5,9.78774218778064
GRLRNDLLGDLF,4.5,10.019203781798106
GRKLLLNLNLSW,4.5,10.292637111330226
DRRLLDALILSD,4.5,10.878267104472693
ERLKNLLMLSSQ,4.5,11.295828570842028
IKLNSRLYGLSS,4.5,11.463624937421312
DRGLKLAPWLAD,4.5,12.15945523390602
GRLKKLDYSLWR,4.5,12.247006597046507
GRLDLLNLGWSC,4.5,12.371176685458872
GRLNKDLYGSSE,4.5,12.834846620771684
GRKLLANYLGST,4.5,13.086017965491363
ERLKDWALGLSE,4.5,13.098234628038105
GRKRIDDLGWAP,4.5,13.21633752402435
EKLKKDLLGWSS,4.5,13.2890901330023
DRLDKDWLAVSE,4.5,13.46025381116877
GRDWKDMLILSS,4.5,13.573533522984691
DRLERGHLLSSS,4.5,13.577457674954156
ERLKKDELGWDE,4.5,13.578213782278386
DRLKNLALSWSE,4.5,13.581311488299862
GRLDKLALGDLL,4.5,13.609102813277586
GRLDLLILLSSE,4.5,13.71090069440984
GRLRKDLLGWDF,4.5,14.126127527573995
ERLKKMEMGWES,4.5,14.554400789465385
ERLKKDELGRFV,4.5,14.747784397961054
ERLKKDALGVSE,4.5,14.801390110058042
ERLKKDELGWQS,4.5,14.88637237068504
ERLKKNELGVFS,4.5,14.975750923582597
NRLKNLALGLSE,4.5,15.041677858749434
DRGLLANLLLSW,4.5,15.086816634705796
GRKWKFNLNWNK,4.5,15.132840025514804
DRLKEDWLGWSF,4.5,15.204098022059997
ERKKKDDLVLDS,4.5,15.265344174475716
GRIWKDELGLFG,4.5,15.366785981083243
GRLRNWNVGVKF,4.5,15.409792719242423
HRLNDYLLGLSE,4.5,15.457992347221836
GRIWADDLGLHV,4.5,15.49539970526362
GRLRLLIYSSVE,4.5,15.696612893094796
DRLDNLTPGLSY,4.5,15.745158049604145
DRLKKLNLGLSD,4.5,15.760983998573732
DKVSLRLYGLSD,4.5,15.781289570389667
DRLKNLNLGLHE,4.5,15.944752337038988
NRLLKQAWNWSE,4.5,15.970769716188014
ERLDKIKLGWDE,4.5,16.035906931004547
GRLEKRALGWSE,4.5,16.139862129058614
GRLLLLDYDHSM,4.5,16.189536321712257
ERLDKWMLSLSF,4.5,16.426304037658678
RRLLKDELGWFC,4.5,16.47552708806043
DRLKKLALGWNL,4.5,16.541590314136176
EELKKDDLGRFV,4.5,16.629545647300834
GRLKDWLRILTE,4.5,16.70148913399672
IRLKKIELGWFE,4.5,16.810432553569406
DRNLLLNWNLSW,4.5,16.844068389179412
ERKWNEDLGVSF,4.5,17.021682873853784
ERLKLLLWGDRE,4.5,17.230130603846654
RRKWKKELGIDS,4.5,17.32491182813094
SRKKKDELGWFK,4.5,17.34413135997784
SRLLLLWSPQIS,4.5,17.39861966700226
SRVDLLIYSSSN,4.5,17.410264838598074
GRLRCWDLGLQD,4.5,17.61626773501179
RRKWKKDLGWAP,4.5,17.61747528948514
DLLQGDARLSWN,4.5,17.78584345174572
EQLKKDWLGWIE,4.5,17.8209299616157
ERDKKEDWGWSF,4.5,17.870611027114236
EKKKKLELGWFE,4.5,18.01619712971733
GRLKDRCLLWSD,4.5,18.03204480070573
ERLDKDELGWSK,4.5,18.033321387236786
DLLGLRVYLCSN,4.5,18.05048012173685
ERARAKELGWDE,4.5,18.27536170685624
DKVRPDRLLDSF,4.5,18.28117094013989
TRLIKDLWDWSE,4.5,18.30888010285053
GRDWKDELGHSD,4.5,18.385644347220275
KRIDKDDLGWSP,4.5,18.41022788583193
TRLNKDLWGLSP,4.5,18.510125359816477
GRTKTDELGWFD,4.5,18.53059993624376
ERLWKDRLGKAE,4.5,18.789367608038194
ERLKNWKWGLAN,4.5,18.820942824819152
ERLKADNLGWFD,4.5,18.909690706459397
ERLKKNDLGWFD,4.5,18.95036917700229
DGGKKLELGLLE,4.5,18.973331173916023
GRLQGLDMLHSE,4.5,19.050950036582044
ERKRKLELGWFE,4.5,19.186262265736065
IRHWKSILGISF,4.5,19.346342692870344
ERGDKWALIWSE,4.5,19.395321210372423
GRLRKLNNGWDE,4.5,19.479696723033086
ERLRIDYLGWTW,4.5,19.58756587235032
RLLDLRHYLLSN,4.5,19.64800264121132
ERVKKNELGWFF,4.5,19.82958033511127
GRLKHDELGWDE,4.5,19.853088764760425
ERKKKDELGWFD,4.5,19.85357453025578
GKLLKLMYLSSS,4.5,19.96210918696145
TRGKLLNWSLSD,4.5,19.98178307077644
DRLKLDTWSLSE,5.0,8.527308076092657
GKLLRLDALLSS,5.0,9.739722560067564
ERLKKDELSWEE,5.0,10.6092044393123
ERKKLADLGWGS,5.0,10.68211727278457
DRLLLLNYNLSW,5.0,11.510792892264034
ERLKDLDLTWSF,5.0,11.609036645767835
ERLRDLLYGVSF,5.0,11.663459482739558
DRLLDNALGNAD,5.0,11.785676589690569
GKLLLGLYDSSM,5.0,12.04023826609576
GRLKDNLYLHSE,5.0,12.461801226685616
SLLLGLNYGSSE,5.0,12.759676954405666
GRLRKDWLAVSF,5.0,12.82897862869282
DRLKNWKWSLSA,5.0,12.848205974874665
DRLLDNYLILSL,5.0,12.889218535789563
DRLKYLQLISSM,5.0,12.939969006805006
GRLDKLLLNGSE,5.0,13.121475526739388
DRLKKDNLSWND,5.0,13.17492220582968
HRLRNNTLLDSF,5.0,13.285667484424255
ERLKNLALWDSE,5.0,13.297492852727292
GRDWADNLGWSD,5.0,13.35272523654358
GRLLLLQYPQSE,5.0,13.90422306604309
GRLWKDNLNWEK,5.0,13.952525192489189
DRLKSLELGLFC,5.0,13.983577058321089
GRLRKLDLVLAE,5.0,14.022917621451038
GRLKLLLWSLSD,5.0,14.367836739034155
GRDWKDPLGLSD,5.0,14.370454283097034
ERDDKWDLGWSF,5.0,14.470735510957262
DMKLLRDLLHSE,5.0,14.472804348488856
GRLKIWDLTWEF,5.0,14.59036530189133
DRLIDGALAWSE,5.0,14.64220664226738
DRLLHALYLDSD,5.0,14.808943939428932
GRLLNKNLGWSE,5.0,14.89922375619406
EQDWKWDLGLSF,5.0,14.910519163904372
QRLKKDLGNLSF,5.0,14.939599085648675
DRLDKFAGNWSE,5.0,14.9439086147883
ERLDLLALWKSE,5.0,15.007228211656402
ERLKDDWLGFSD,5.0,15.14469678450708
LRLKKDALGWSF,5.0,15.34730037080668
GRLNSLIYNSAL,5.0,15.50224603901899
ERLRLVRYLDTF,5.0,15.5388852528224
DRLDKLALGWSD,5.0,15.577817162804008
GRLKKDELGISE,5.0,15.630802674488274
ERLKTDLLGDSM,5.0,15.66555576141925
DRLKKLELGLFC,5.0,15.717521282696152
GRDWKDNLGWFD,5.0,15.720674446711053
ERLRALELSWSD,5.0,15.773738249163609
KRLRKEELGWIE,5.0,15.799825846198134
GRMLRWNLVLSW,5.0,15.829231634422186
GRLKKRELGWFE,5.0,15.888971596540172
GRDWKEALILSF,5.0,16.051131836427402
ERLRKDELGWWE,5.0,16.099060919695134
KRVDDHLMLSSE,5.0,16.15944875840612
ERDWKDDLGLSF,5.0,16.223377812832382
ERLKKDELIWFK,5.0,16.26017524450462
GRDWKPNLGLTW,5.0,16.353883024931623
HRLRALNLGWEW,5.0,16.38794465251128
GRLKKEELGWFC,5.0,16.420763519908256
ERLKNDELGWFV,5.0,16.491095904877294
ERLKADELGWIF,5.0,16.659676880356432
KRLKNIELGLSV,5.0,16.674855127011334
FKKWKIDLGISD,5.0,16.785571794915853
TRLKLLNLSWSC,5.0,16.897307650617638
HRLKNLNLGWSF,5.0,17.07803986476192
GRDWKLNNKLYE,5.0,17.216580018220235
GRTWAWELGWIE,5.0,17.382978567913227
GRKWKQELGMFD,5.0,17.6916055118667
GRKTKDELGLFA,5.0,17.754332508437816
SRLHLNNLLLTE,5.0,17.76235260898849
AKLEDVRLGWSE,5.0,17.95156855288407
MRLNNWLWGLSE,5.0,18.080021647809502
FRVKKDLLGLSW,5.0,18.098752605760755
GRVDLLIYSLSD,5.0,18.203622568749918
GRKWKDMLIGSV,5.0,18.223732949623585
RRLTKDWLGLDF,5.0,18.22765480365804
ERLKAWDMIWSE,5.0,18.392190320663538
DRIRKDLLGLSY,5.0,18.57511471693774
RRYRIDELGDAD,5.0,18.71554150595837
DRLLKWALNLSD,5.0,18.738388824579072
TRLDLLNYGLTD,5.0,18.76224435340585
GRKRIDMLGWFA,5.0,18.81789164022183
DRLKDNCLAWSE,5.0,18.98369609862862
ERLWKDNLGWED,5.0,19.09562943024044
GRLNGWLLNSAE,5.0,19.255949305224824
KRLDKIELGISE,5.0,19.366619989211884
HRLGLRVYLWSN,5.0,19.455348132034057
DRLKKQNLGWTD,5.0,19.500084587754188
TRDWKKELGLFS,5.0,19.71704341723647
ERLDKNALLKSD,5.0,19.761076768569676
ERLKKGELGWFP,5.0,19.79635878509775
GRLRNKILGDSY,5.0,19.84777018339645
ERLIALDMDWSF,5.0,19.98132076687556
SRVLGAPLELTE,5.5,9.038570480693402
GRKLLRDLLLFE,5.5,9.291788128524988
GRLDLHSYLSAE,5.5,9.977915293522088
DRLLLDAYGLSW,5.5,10.359433913417186
GRLDLHSYLSIE,5.5,10.433585106578729
ERLRSLKYGDSE,5.5,10.91172469255742
SRLLGAPLESTE,5.5,11.033505289128792
SRTLLDNLLRSE,5.5,11.114919556093612
GRLRNDLLGDLW,5.5,11.176715706776136
GRLDLNIYLSSD,5.5,11.28372117278091
ERLKRDLLINSD,5.5,11.74382798920842
DYLKKDDLSWSE,5.5,12.388493249168038
GRKKKWDLGLWE,5.5,12.478592328244932
GRLDKMEYGSSE,5.5,12.778005682856266
NRLLLTALLLSS,5.5,12.868816853222729
GRDWAGELGLSS,5.5,12.972161847347728
EVLRREELGNED,5.5,13.058404353322668
GRLSDLAYGLSY,5.5,13.420689196465531
WRLKKDLLTLSE,5.5,13.5702039332655
GRLLLLDYLHSE,5.5,13.579149596104523
SRVDLDLYILSS,5.5,14.003265345876413
GLDWKKRLGGFE,5.5,14.150589339178904
ERLKKELGGWSD,5.5,14.2740278672346
HRLDKLNLGWTF,5.5,14.361556849449537
GRKKKIELGWFE,5.5,14.61900555621514
DYLRKDELSWES,5.5,14.93283876134074
GRLDLWHLGSSE,5.5,15.024793801545744
GRVDLLLRYLSD,5.5,15.026546788769076
DRLDHIDLGWDA,5.5,15.315447757879031
GRLRLHLMVSSE,5.5,15.398728978519715
DRLSWDGYGLSY,5.5,15.532665937366776
GRLPKMELGWDN,5.5,15.656107141261977
GRLDLHNLGSTF,5.5,15.713393807432592
GRLDKLLYGWTF,5.5,15.771344829473811
ERLDWLVYGDSD,5.5,15.815777445350212
ERLKKMELGWSE,5.5,15.976175740813805
DKLRPNALLDSG,5.5,16.10483278109887
TRLKKDEIIWSD,5.5,16.13828655261226
ERLRKWNLGLED,5.5,16.40076981151925
KILKKDELGWFE,5.5,16.79298295228529
DRLNKLMWSDSE,5.5,16.828915291043117
GRLKKIELDWFD,5.5,16.842208944801435
HRGKKWDLGWLI,5.5,16.85059488455957
ERLKKDELGLFD,5.5,16.8896738378043
GRLPKRELGWFD,5.5,17.306591423539906
GRDWCKNLGWED,5.5,17.371981362469484
GKLKNLTWGTLD,5.5,17.42765744471591
HRLKKDELNWHK,5.5,17.564532658494425
LRLKKLALGWSF,5.5,17.85538148570471
DRLKKWIWLDSF,5.5,17.978548358752356
ERLDKWALGVSD,5.5,18.001861403536044
RRLLHKAYLSSE,5.5,18.086720413726532
ERLTNMDLGWEE,5.5,18.33561557969094
GRLDGWLLISSC,5.5,18.38030549692007
GRLIPLALAWSE,5.5,18.461232221954376
ERKKKDELIWFS,5.5,18.46511768877647
GRLKLLNMSSTC,5.5,18.56454109055742
HRLRKDDLGKSF,5.5,18.58786415242256
GRRWKDMLGNSD,5.5,18.647940518903724
EKSDLRLYGLSD,5.5,18.659925361367428
ERRWKVDLGLFV,5.5,18.94046597549431
ERKKKNDLGWFV,5.5,18.99122457999018
ERKRNDDLGWAP,5.5,19.125497957234515
GRLKKDVLGLFE,5.5,19.24319387024846
NRLKKNDLGWFD,5.5,19.34300802679354
ERNKKLELGWIE,5.5,19.356634056211217
FRIRIDNLGWEF,5.5,19.69749204525386
ERLDKDESGWSR,5.5,19.722952023455697
GRKMKNMLSWFE,5.5,19.866832053942083
EYWKKDELGWFS,5.5,19.883494776448757
SRLLDDLYDLSS,6.0,7.751761615356667
GRVLLRGYLLSE,6.0,8.357873739903985
DRLLLNARLLSN,6.0,8.694075168837568
GRKWKDDLGLSV,6.0,8.763732918723047
GRLRLNDLVLAE,6.0,9.455225059957897
GVDKKWDLGLSF,6.0,10.884223272211848
GLSKKDELGWFS,6.0,11.72771800543207
SRLLKLALLSSE,6.0,12.106827099011578
GRVLLRGYLLIS,6.0,12.141209212780474
DRLKLWGLGWSE,6.0,12.518549038032107
GRLRMDLLGDFD,6.0,12.598264220655375
GRKLLLNMNLSW,6.0,12.817808018244753
GRLKKEELGWVD,6.0,12.88049408698322
ERLKISELGLFE,6.0,12.96541445923686
GKLLLLALSSSE,6.0,13.00587646188432
GRKRIDNLGWFS,6.0,13.023406087284627
GRLDLLIYLSSE,6.0,13.244407104413852
GRVDLAALLRMD,6.0,13.356499787650655
DRLKKLAMGDSE,6.0,13.503365827126387
ERLKKVQLGWES,6.0,13.543189411732053
DRLRLEIHLLSS,6.0,13.623994697285369
GRDDKLLLGLSS,6.0,13.645070164619291
ERLKKDELGSFG,6.0,13.855425053570947
YRLRKLLNLTSE,6.0,14.22231114012253
ERLKKDELGWKD,6.0,14.35259384821707
DRLLLLHYTLSS,6.0,14.481973516383375
ERLKTLELGDSC,6.0,14.504873407541911
QRVRLANYGLSN,6.0,14.525217017377358
GRLRNMLDGTAE,6.0,14.636020125250951
ERLKKDELGWQE,6.0,14.976640673297789
DRLKLLTYSKSD,6.0,15.145561966454336
GRWKKDELGWFE,6.0,15.242619581181309
DRLKKDALGNSE,6.0,15.300016459280997
HRLKKDELKWFD,6.0,15.40543220618494
HRGKNLDLGLLI,6.0,15.453942313176462
GRKWKDMLGLSV,6.0,15.513026350555885
ERLKKDELQWFS,6.0,15.519997877883666
DYLDKDWLGIAF,6.0,15.56095634600359
WRLKKDLLKDSE,6.0,15.572162401282924
GRLKKDNLGRFF,6.0,15.777136885835937
ETLKKRELGWFS,6.0,15.792450032116577
GKLLRLLALSSS,6.0,16.01906127043014
TRLKAKELGWFF,6.0,16.027534270563667
DRLNKLIWWDSE,6.0,16.092809798005327
DRLRLDAQGTSE,6.0,16.09447914319137
EWSKIDELGWIF,6.0,16.10899046351767
ERLKKDELGGFD,6.0,16.118270584464337
QRLRKLAYNAAE,6.0,16.160646033264108
ERGLKLKWGVSE,6.0,16.1632297152469
ERLDKIDLSWIE,6.0,16.171949624427835
KRLKKDEYGWFE,6.0,16.3309778314082
EYLKKDELGWDE,6.0,16.35862611842079
ERGDKWALIDSE,6.0,16.40223605721826
GTLWKDELGWSL,6.0,16.63151258986769
PRLKTEELGWKD,6.0,16.661266160501345
ERLDKLALGPVT,6.0,16.769237529193788
DRLHKLAMVPSN,6.0,16.85421461769373
ERLKDLNWYLSF,6.0,17.04702161150666
GRLKNMELGLDA,6.0,17.071168520051536
QRDWKDDLGLSS,6.0,17.087778721619056
ERKWKDELGLDE,6.0,17.137786205741705
GRVWKDNLGLFD,6.0,17.150302770205947
DRLIDWALILSE,6.0,17.187621255658012
DRDLKAMLGLSE,6.0,17.20853715969007
GRLKNLQLGWSD,6.0,17.233190980797108
ERLDKDELGWFE,6.0,17.42205898789806
EKVDLDRCLLSF,6.0,17.67252712562224
DKVRLARYLDSD,6.0,17.736677667864317
GNLDLRYLLLVN,6.0,17.771666039804995
ERLDLHALAWSE,6.0,17.857914169404346
LRDWKKELGIES,6.0,17.858099555914748
GRKHLALYNSSS,6.0,17.898626467699565
CRLLKDWYGVSF,6.0,18.106958689057507
GKLHRLLQLSSF,6.0,18.29668513272415
TRKDKLNLGLEV,6.0,18.342488217615777
DRKDLDALGLSN,6.0,18.39431472110237
IRLKVDELGWFE,6.0,18.39494296134944
GRLRGLDLHLSM,6.0,18.436188454189192
ERLKKMDIGNSS,6.0,18.475974329461117
SRLLLIAQLHSS,6.0,18.562238446244574
WRLWKDELIKIE,6.0,18.58888370039679
ERLKAWNLIWED,6.0,18.669145981441243
QRILKDALLMAE,6.0,18.69144338904264
DRLLLRALSLLM,6.0,18.765432526391407
QRKKKWDLGWSL,6.0,18.793325403454197
NRLNKDLWTESE,6.0,18.91714299869933
GRKLGQALFGDT,6.0,18.948156650984792
KRLKKDLLGWFR,6.0,18.99885046222863
GLDWKVNLKWVL,6.0,19.008195222425435
YKLKNLAMAWSD,6.0,19.068236403029857
ERLKKKDLGWGD,6.0,19.195916644103264
NRLKKDLRGWSF,6.0,19.27278737240258
MRLKADLWNWKW,6.0,19.27987826835459
SRKLLLLYLLSP,6.0,19.34936221213396
NRKKNDNLGWSF,6.0,19.43656319426916
FRRRKDELGWDD,6.0,19.45555329083325
WRLKWDLWGLSD,6.0,19.48919919337395
GRLCLLNLVSSE,6.0,19.785233757279148
GRQRIDALGWRW,6.0,19.876816992874016
GRVKKDMLGWSE,6.0,19.88693595575221
ERLWKIQLGLSE,6.0,19.965638151154547
GRRELDTLLLSS,6.5,6.604281222370947
GRLDKLALGSSE,6.5,9.508669214780356
GKVDLDRYLLIS,6.5,9.883007402535693
DRVLLSALDWSN,6.5,10.121990145044458
GRLLLDALILSM,6.5,10.245885325032436
GRVRLDLLGLAD,6.5,10.247484472147889
GRLDLGLYLRSN,6.5,11.251802101141726
DRLKLSALLLSC,6.5,11.376677751996764
ERLKKDELGWEE,6.5,11.529643166040996
DRLRDLLLLGGE,6.5,11.571964869709744
GRKWKDELGDFD,6.5,11.851506024885438
KRVLLSQLILST,6.5,12.128540944532537
GRLKDLILLSSD,6.5,12.190172031022124
ERLSLLQLGDRE,6.5,12.394402382661532
GRLKDLAYILSE,6.5,12.420789899353606
ETLKKDELGFSF,6.5,12.984252111826809
DRVLLDAYGLSD,6.5,13.105669670642849
GRTIKDDLGLSF,6.5,13.160712048897944
DRLDNWMWGSSE,6.5,13.192001650127064
GIDWADNLGWSD,6.5,13.245635906377084
GREWKLNLDLSD,6.5,13.394576743194849
ERLKKVPLGWFV,6.5,13.549526661682815
DRLMKMALSDSE,6.5,13.724185465817508
GRLKKDELGSGW,6.5,13.851835214696491
DRLTLGRLYLPN,6.5,13.8779699715158
GRDWKDMLKLSS,6.5,14.03577943324302
NRLLKAALILSE,6.5,14.114865166855898
ERDLKLDLGKES,6.5,14.18515228473989
GRLDLHLMYSSE,6.5,14.327576275530893
DRVLLRAYSLSD,6.5,14.55310251038567
ERLDKLNLGDSD,6.5,14.7320608536375
DRLDLFAGGTLE,6.5,14.74835003213712
DRVDLDLMGLSD,6.5,14.789848626670103
GRDIKDDLRLFS,6.5,15.00785653687364
DKLRLLAHLLSE,6.5,15.020986117637037
ERLWKDELGWNS,6.5,15.02466655971096
GRLRNWKVGVKF,6.5,15.137553042926118
EKDKKWDSGWSF,6.5,15.168129881340876
DRLRKVDLVLAE,6.5,15.18405860354396
PRKIKDDLSWDV,6.5,15.336939064088604
GKLLHLGRLSSD,6.5,15.406687064106482
DRLKNWNSSWTD,6.5,15.424620764227656
ERKWKDSLGLSF,6.5,15.43045609390615
FRLRKLELGWSW,6.5,15.453732144187306
ERLREDELGWFE,6.5,15.55245904719126
GRKTKDDLIWDD,6.5,15.577035995760204
SRTLLDNDLRSE,6.5,15.688987885553406
DRVDLDGFGWSS,6.5,15.748142165779718
RRLKEMDLVWSD,6.5,15.859494453806333
DRLLLRALLSLM,6.5,15.873728777430856
SRLLGVNWLRSW,6.5,15.92112081570368
GRLKKDELGRFD,6.5,15.988359835773036
GRLKKDELKWMD,6.5,15.996891684009965
GRKHLANYNLSS,6.5,16.102134784013337
VRLLLKALLFSE,6.5,16.30714793670859
GRLLLLALLSPM,6.5,16.441325808265457
DRLDNMALTLEQ,6.5,16.679980581106694
GRLLLLALLSPI,6.5,16.691720629895006
DKIKDKLKNWSE,6.5,16.86944244646388
ERLWKDRLKFAF,6.5,17.14787163534109
KRKKKVDLGLDE,6.5,17.30648749486363
PRATKDDLGYAE,6.5,17.37190568843993
DRLKKWNWKDTE,6.5,17.534598308096808
ERDRKDPLILSF,6.5,17.792070266308638
TRLDLQLTGLSP,6.5,17.8715117410141
DRGLDLAYLLVK,6.5,17.981996757073617
HRLKDLARLWTA,6.5,17.994233849811703
GRLRNDNLGTLD,6.5,18.013280702342414
GRLKAWARTLSS,6.5,18.037856250443447
DKLLLLALGLIE,6.5,18.16340069548951
GKLLLGLYFSCD,6.5,18.18015425015617
RRLRTLGLVNVD,6.5,18.451559341285304
GKHLLLLYDSSM,6.5,18.498142092515312
KRIWDWDLGWSW,6.5,18.57765638374136
HRLKKLNLGWTD,6.5,18.591818242459887
SRLCGLAYGSEE,6.5,18.61823915672426
DRLWNLELIWSE,6.5,18.62330735211558
ERLSKDELGRGE,6.5,18.65194625327189
ERLQKDELGWFE,6.5,18.67968206577753
DRLSDMLWNWTD,6.5,18.6909502220127
ERLKGLKLIWSE,6.5,18.82953312449245
ERDWKDDLGIED,6.5,18.86325902805908
ERLKKDDNTWID,6.5,19.14455218399352
DRDRWWLLGLSE,6.5,19.18020714814368
PRGDKLALGDSE,6.5,19.26474264897785
TRLRKLEMSWED,6.5,19.63213608887756
GRLWKQEQGWSD,6.5,19.720039299379597
ERKDKLELGGFE,6.5,19.72193532029905
GRLLQCDLILKM,6.5,19.79259862587677
ERIKKDELGGLE,6.5,19.94741577936681
GRLLDLDTLLSM,7.0,8.19911138860395
GKLLRGLALSSS,7.0,8.373905074940247
DRLLKLNLASSE,7.0,9.028707817981214
GRLTLDLLLSTS,7.0,9.272758207919876
DRLLLMDLGFAE,7.0,10.236032515196063
GRLLKDELKWFE,7.0,10.538823316783004
GRVDLDLMGLSD,7.0,10.779670756098367
DRLLKDALGNAY,7.0,11.16231808925779
ERDWGDDLIISS,7.0,11.352448190833336
GRDDKLELGWSS,7.0,11.375152405424114
ERLKDIVYLESD,7.0,11.853561546771466
DRLDLLAYIPAD,7.0,12.113564543155793
GRLRNDLLGNAD,7.0,12.5850816122866
ERLDSLALNPVL,7.0,12.749188722381296
GRLDKLLLNASE,7.0,13.185346867857428
SRKMMDDLGLDV,7.0,13.540360408850605
ARLWKDLLSLSS,7.0,13.616616010779234
GRKNLLLLLLSE,7.0,14.192745047570982
ERLRKLEPGWSK,7.0,14.27286164757591
DRLRDWLWNWTE,7.0,14.371312175034314
ERLEKDELGISE,7.0,14.49638940806654
GKLLHLGRLSSE,7.0,14.592365062297915
DRLVKDRLANSE,7.0,14.74865140977115
DRLDNLNLGLTE,7.0,14.864051199804988
GRMLKNNLVLAE,7.0,14.968157434708022
ERLKKPELGWFE,7.0,15.12679599948578
SRLPHDDLLHSE,7.0,15.24607837222824
GRLWKDELIWFS,7.0,15.402539462673325
GRKMKPDLGLSD,7.0,15.436116364437206
DRLLKDLLGWRD,7.0,15.447214026294764
ARLKKEELGLFE,7.0,15.5187018595745
GRKLGRNLVLDT,7.0,15.58443993161452
GRDAKDDLGLAD,7.0,15.595914659988104
GKLLKSAMLSYN,7.0,15.63507371547986
DRLVLNLLQSSS,7.0,15.697859383742257
DRLLDNALILKF,7.0,15.88024371197683
GRLNLKCMLSSD,7.0,15.91722022477809
KRLRKDSLGLIW,7.0,16.059918224077506
SRLLLLWSPQSE,7.0,16.150089618401772
ERDWKDELGLSF,7.0,16.18153506668103
IRLKKAALGLSE,7.0,16.185467588204542
KRLKKDELGLRE,7.0,16.476177851466897
GRLWNDGLGLSW,7.0,16.53607785121635
SRVLLVDLILAS,7.0,16.537073118076513
GRDLDNIYILDD,7.0,16.76164369626715
PRDWKWELGWSE,7.0,17.091689996720905
ERAAKWEQRWSS,7.0,17.138597970338218
ERAKKDELLWDS,7.0,17.18443777854959
FRMKKDLLWLSE,7.0,17.232373195136496
TRKMKLDLGLME,7.0,17.278765747722236
GRLKKVQLGWYD,7.0,17.30939902337634
QRLLKYSLIISD,7.0,17.41799178052449
EKKWKWKLGWSE,7.0,17.4872544546651
DRGKKLELGLLY,7.0,17.48741097732433
GRDRKDMLLLSD,7.0,17.48990319440286
DRLDGCALNWSE,7.0,17.51477491925173
YRSDKLELGLFE,7.0,17.645872716577088
DMKRLNNLSLSS,7.0,17.65604684808073
GRDRKDELGWSW,7.0,17.777892394353863
IRGMKWDLGWSF,7.0,17.835578900763775
RSDWKDNLGWAF,7.0,17.978544965336884
ERLDKWESGWDP,7.0,18.171946224882927
PELWNMDLGRFV,7.0,18.187084608710943
ERLKKDEVGWFA,7.0,18.420464706509808
GRTDDWLWNVHV,7.0,18.421924528317
ERGDLLILGSSE,7.0,18.800091978272384
ERNKAWELGWES,7.0,18.846017134068976
DRLKKSLYLWRC,7.0,18.929721564807046
WRLRKKELGWEE,7.0,18.99461285403811
DRLDNQLLGLST,7.0,19.093825771663045
ERLKYDWLGWFE,7.0,19.144852249212143
DRFDKDALGIAF,7.0,19.275747347988275
RRDWKVDLGWSS,7.0,19.357191323211204
ERKWTDELGWDD,7.0,19.468208608888663
NRLWDWWWNWNM,7.0,19.468518727098395
DRGIKLNMLGSE,7.0,19.48571108023172
QRLLDNILILSM,7.0,19.648131854350908
EQLDKWLRPSRC,7.0,19.84271834820157
ERLRKDRMGDSF,7.0,19.8978385920374
GKLLRLWWLWSP,7.0,19.936319541641986
GRLTLPDLLHSS,7.5,8.287894309197206
GRVRLDAYSLSS,7.5,8.361845892748327
DRLLLNALLLSS,7.5,8.545357866492212
GRVDLLAMESID,7.5,9.156319026335542
DRLLKRALLSCE,7.5,9.640423790571525
MRLLKNLPLLSS,7.5,9.77486954390439
GRLKDDALGDLY,7.5,11.238678579441013
DLLLLRHYSLSN,7.5,11.489586105321916
DRRDLDALLLSC,7.5,12.325621150385992
ERLKKNSLGSSD,7.5,12.338360869628492
GRLLLLALLLSE,7.5,12.385600366720752
GRLLLLAYLSSE,7.5,12.386997809524482
GRLMDRVLLSSD,7.5,12.732957298652089
GKLDLLLYSLND,7.5,12.938858600822712
GRKLLLLLLLSE,7.5,13.125167040705106
GRLDLQLSGKKP,7.5,13.138573997693406
ERKLKDELGLSL,7.5,13.202255932610464
MRLLKDLWLRSS,7.5,13.572504725597916
GRKDKDELGWFV,7.5,14.040573747242204
ERLKLSWLIFSE,7.5,14.284411736857695
GRVHLDSCLLMD,7.5,14.32596631000092
DRIDLDALILST,7.5,14.346583319497636
ARLDFYLRLLSE,7.5,14.672863115217377
GRLLLIAQPQSS,7.5,14.926582681830016
GRGKKIELGWSE,7.5,15.091767337312946
DKIKKRLYGLSD,7.5,15.189808735046606
GRKKKDELGLID,7.5,15.431033999767878
DRVDLDALGLSD,7.5,15.53282236299566
GRLWKDELAWFE,7.5,15.563351503522382
ERLKDNDLGIFS,7.5,15.58709585861083
ERINSWLLNWSE,7.5,15.912791093795096
QRLRNLGLLNSD,7.5,16.318887017294305
GRLRAKDLTDSA,7.5,16.32169656582956
LRLKKDELGQFE,7.5,16.456655499765233
HRGDLLALGDWE,7.5,16.884508332889634
RRLDKDELGWFY,7.5,17.032461878655493
GPLKSLLYLLSD,7.5,17.10060658742354
DRLKKLNLSRTT,7.5,17.171676714503906
RRLKADELGWFE,7.5,17.255360478435726
IRQLLARLILAS,7.5,17.374237669941678
QRVNKDSLLSAE,7.5,17.544062719743607
ERLKADDLGWFE,7.5,17.549448417650318
ERLLNDLWFSAF,7.5,17.56010301159623
GRAKLLAYPWSD,7.5,17.564369207663137
ERLRNLLWGLSD,7.5,17.898793873658786
GRLKKDELNCFS,7.5,18.05156483323818
GRAKQDELGWFE,7.5,18.09243050149669
MRLLLDLLLLSW,7.5,18.193692006564884
GRLNSLIMLLSN,7.5,18.210305803348177
IRLRNHLLGLSQ,7.5,18.412003368176663
PRLRKMQLGWSE,7.5,18.459124275616396
RRTKKLDLSWED,7.5,18.48508339322501
QRTDIDDLGLGF,7.5,18.567560326579947
DRLKKDMLGWKF,7.5,18.64421077757911
ERIKKDDLGWQP,7.5,18.6809218499616
GRRKKWWLLLSF,7.5,18.70935141354173
GRMRKDSLGWFE,7.5,18.775141067333458
EDLRHLEGLWSS,7.5,18.912135462163395
RRITEDELGWSS,7.5,18.92231173427506
GRLKKLELRLFE,7.5,19.010752617329054
NRLPKDELGWMD,7.5,19.234222296059688
DRDRPWLLGWSE,7.5,19.374775582502146
GRDWKDMLGLQS,7.5,19.45621671362902
ERVDKLALGLSE,7.5,19.763574365166612
LRLLLLLLLLEE,7.5,19.816457517138225
KRVDLHYMLSSD,7.5,19.88144655004659
ERLKKDEVGWFE,7.5,19.89435305981342
GRALLLPSLLSD,8.0,7.06250111773077
GRTLSDAPLLSE,8.0,8.189041841700956
GRLRLQLTPLSF,8.0,8.658082738202172
GRVLLDAYSLSS,8.0,8.711516236026627
GRLLDNLLVLSN,8.0,9.141603190192962
DKLLLLTRSSSE,8.0,9.48523857635395
GRLLELRSLSPN,8.0,10.43294571946475
GRVLLDADHLPS,8.0,10.653737330071351
GRDWKDELGWME,8.0,11.149500463703337
GRLLKDFLNLSR,8.0,11.196630072177538
GRLLGNLLLDTE,8.0,11.270671266195022
GRLLLRNLVLSW,8.0,11.472120294952155
DRVDLDALILSE,8.0,11.68232294199395
DKLREWALLFSE,8.0,11.91650029479236
GRCWKESLYLSF,8.0,12.281372715651466
GKLDLLLYLLSD,8.0,12.7266316226032
GRTLDLAQSLVE,8.0,12.86889796809132
DRLNKLALGVSL,8.0,12.954955594333809
ERLNWDLEGNSD,8.0,13.046860718537983
GRDWKGNLKKSW,8.0,13.09241425532549
GRKDLRAQLLSN,8.0,13.099865058903411
DAVLLDRLGLSG,8.0,13.117981760711602
ERLRNWNVGVSE,8.0,13.21224399789295
DRLRKLLLGTSF,8.0,13.29982843113796
DRLLNWLLPNSE,8.0,13.328484066967263
SRLLDLLYDSHE,8.0,13.549013701441028
DDLKDWLLIKSE,8.0,13.658384976553378
SRTLKLPYLSKE,8.0,13.750050337822705
GRVLLLKLLLQE,8.0,13.87647626474315
DILKKWWWADSE,8.0,14.34502038231005
GNKLLLNMNLSQ,8.0,14.603401068362984
DRVLLRALIPDV,8.0,14.721772027272834
VRLLLRNLLLSW,8.0,14.812267756635435
GRLNLDALIWCD,8.0,14.911285348253257
MRLLLNNLNLPE,8.0,15.159330054354568
GKLLALTLSSSE,8.0,15.166207152353502
ERGLKLGLGNSE,8.0,15.36137423514994
DRLKAQNLPLSD,8.0,15.455775195414963
HRLRKPELGWFE,8.0,15.592913267367264
GRLLHLKQSSLE,8.0,16.140108405689276
SRLDLMLLGTLE,8.0,16.33333517591149
RRLEKKELGLDK,8.0,16.508295096620003
GKLLLLLLLSSS,8.0,16.773590606591515
GKLDDLNWGTTF,8.0,16.81244682075399
GRKWKDEYGLFC,8.0,16.913885289269825
SRLNEDELGRFD,8.0,16.97932990899636
ERLKLLLMLRSM,8.0,17.078565379467573
GRLEKDGLINFD,8.0,17.12082830576932
TRLDNDSLGNSF,8.0,17.219508516482865
WRLLKDILPWSE,8.0,17.232425921197287
GRLKKWQLWLSE,8.0,17.27300247431528
ELGRKLALAVSF,8.0,17.297382619799
GRVDQAIYLSSD,8.0,17.322105110676677
YRLCKDELGWAD,8.0,17.455890580704725
ERLDKENMISSE,8.0,17.732446247634638
DRLMLLALLSGD,8.0,17.73683474913215
GRLKKQELGNPD,8.0,17.998566896424204
LRKDKVFLGLFV,8.0,18.075704455704376
GRLKCWDLTWEK,8.0,18.38244870334537
ARLKNWKLIRSD,8.0,18.40936329752515
DRVLLLAAILDV,8.0,18.612577140108097
HRLRLNTLFLYD,8.0,18.6831468805203
GRKDNLELSWQN,8.0,18.76704287264064
ERGRLAKLGVIF,8.0,18.953975356423445
GRLNKDAMLRAD,8.0,18.967717658075493
GRKKKDELGLFH,8.0,18.96895218000271
GRSDMHLYLSSD,8.0,18.98563434383048
ERLLALELGNAC,8.0,18.990415242121827
DRLLLHAYGKAD,8.0,19.12502487615315
AKLKNWWLIFSD,8.0,19.20824703438691
GRKWKNELQMSE,8.0,19.321969679656263
DRVDKDYLNLSE,8.0,19.778896471935735
ERDWKDLLGLAD,8.0,19.9427579833388
TRCLLDLLLLSI,8.0,19.988083697378457
GRLIKDFWDQSS,8.0,19.98999655371273
